customer_id,customer_name,email,city,state
1,Ananya Sharma,customer1@example.com,Mumbai,Maharashtra
2,Diya Khan,customer2@example.com,Chennai,Tamil Nadu
3,Ananya Singh,customer3@example.com,Hyderabad,Telangana
4,Neha Nair,customer4@example.com,Bengaluru,Karnataka
5,Aarav Reddy,customer5@example.com,Pune,Maharashtra
6,Diya Singh,customer6@example.com,Kochi,Kerala
7,Aarav Singh,customer7@example.com,Pune,Maharashtra
8,Pooja Nair,customer8@example.com,Pune,Maharashtra
9,Vikram Rao,customer9@example.com,Mumbai,Maharashtra
10,Aarav Patel,customer10@example.com,Kolkata,West Bengal
11,Aditya Gupta,customer11@example.com,Chennai,Tamil Nadu
12,Kabir Iyer,customer12@example.com,Hyderabad,Telangana
13,Riya Nair,customer13@example.com,Hyderabad,Telangana
14,Priya Iyer,customer14@example.com,Kochi,Kerala
15,Rahul Sharma,customer15@example.com,Ahmedabad,Gujarat
16,Pooja Reddy,customer16@example.com,Kolkata,West Bengal
17,Riya Singh,customer17@example.com,Mumbai,Maharashtra
18,Varun Iyer,customer18@example.com,Kochi,Kerala
19,Kabir Reddy,customer19@example.com,Bengaluru,Karnataka
20,Diya Gupta,customer20@example.com,Hyderabad,Telangana
21,Diya Reddy,customer21@example.com,Kolkata,West Bengal
22,Rahul Das,customer22@example.com,Delhi,Delhi
23,Meera Iyer,customer23@example.com,Delhi,Delhi
24,Kabir Gupta,customer24@example.com,Hyderabad,Telangana
25,Varun Patel,customer25@example.com,Jaipur,Rajasthan
26,Diya Patel,customer26@example.com,Ahmedabad,Gujarat
27,Karan Gupta,customer27@example.com,Jaipur,Rajasthan
28,Diya Iyer,customer28@example.com,Bengaluru,Karnataka
29,Diya Sharma,customer29@example.com,Delhi,Delhi
30,Karan Gupta,customer30@example.com,Hyderabad,Telangana
31,Kabir Rao,customer31@example.com,Delhi,Delhi
32,Kabir Das,customer32@example.com,Kolkata,West Bengal
33,Vikram Patel,customer33@example.com,Mumbai,Maharashtra
34,Arjun Khan,customer34@example.com,Jaipur,Rajasthan
35,Pooja Gupta,customer35@example.com,Kochi,Kerala
36,Nisha Rao,customer36@example.com,Kolkata,West Bengal
37,Priya Khan,customer37@example.com,Chennai,Tamil Nadu
38,Rohan Das,customer38@example.com,Hyderabad,Telangana
39,Ishaan Reddy,customer39@example.com,Chennai,Tamil Nadu
40,Meera Nair,customer40@example.com,Kochi,Kerala
41,Riya Nair,customer41@example.com,Kolkata,West Bengal
42,Varun Das,customer42@example.com,Jaipur,Rajasthan
43,Rahul Singh,customer43@example.com,Bengaluru,Karnataka
44,Ananya Singh,customer44@example.com,Mumbai,Maharashtra
45,Aditya Reddy,customer45@example.com,Mumbai,Maharashtra
46,Nisha Patel,customer46@example.com,Ahmedabad,Gujarat
47,Aarav Gupta,customer47@example.com,Jaipur,Rajasthan
48,Meera Singh,customer48@example.com,Hyderabad,Telangana
49,Sneha Singh,customer49@example.com,Kochi,Kerala
50,Kabir Patel,customer50@example.com,Delhi,Delhi
51,Meera Singh,customer51@example.com,Jaipur,Rajasthan
52,Aarav Rao,customer52@example.com,Delhi,Delhi
53,Aisha Sharma,customer53@example.com,Hyderabad,Telangana
54,Priya Gupta,customer54@example.com,Pune,Maharashtra
55,Ishaan Khan,customer55@example.com,Kochi,Kerala
56,Riya Reddy,customer56@example.com,Ahmedabad,Gujarat
57,Riya Singh,customer57@example.com,Chennai,Tamil Nadu
58,Arjun Das,customer58@example.com,Jaipur,Rajasthan
59,Meera Gupta,customer59@example.com,Jaipur,Rajasthan
60,Varun Nair,customer60@example.com,Pune,Maharashtra
61,Pooja Khan,customer61@example.com,Mumbai,Maharashtra
62,Karan Iyer,customer62@example.com,Ahmedabad,Gujarat
63,Rohan Das,customer63@example.com,Hyderabad,Telangana
64,Diya Khan,customer64@example.com,Hyderabad,Telangana
65,Aditya Sharma,customer65@example.com,Kochi,Kerala
66,Pooja Khan,customer66@example.com,Kochi,Kerala
67,Diya Sharma,customer67@example.com,Hyderabad,Telangana
68,Ishaan Khan,customer68@example.com,Hyderabad,Telangana
69,Ishaan Iyer,customer69@example.com,Hyderabad,Telangana
70,Rohan Khan,customer70@example.com,Mumbai,Maharashtra
71,Aisha Khan,customer71@example.com,Jaipur,Rajasthan
72,Arjun Rao,customer72@example.com,Kochi,Kerala
73,Aisha Khan,customer73@example.com,Ahmedabad,Gujarat
74,Nisha Khan,customer74@example.com,Hyderabad,Telangana
75,Ananya Nair,customer75@example.com,Delhi,Delhi
76,Nisha Nair,customer76@example.com,Ahmedabad,Gujarat
77,Ishaan Reddy,customer77@example.com,Bengaluru,Karnataka
78,Karan Iyer,customer78@example.com,Hyderabad,Telangana
79,Diya Khan,customer79@example.com,Pune,Maharashtra
80,Pooja Das,customer80@example.com,Chennai,Tamil Nadu
81,Nisha Patel,customer81@example.com,Mumbai,Maharashtra
82,Vikram Khan,customer82@example.com,Hyderabad,Telangana
83,Vikram Singh,customer83@example.com,Hyderabad,Telangana
84,Ishaan Singh,customer84@example.com,Bengaluru,Karnataka
85,Riya Khan,customer85@example.com,Chennai,Tamil Nadu
86,Nisha Das,customer86@example.com,Ahmedabad,Gujarat
87,Kabir Nair,customer87@example.com,Bengaluru,Karnataka
88,Meera Nair,customer88@example.com,Bengaluru,Karnataka
89,Karan Gupta,customer89@example.com,Ahmedabad,Gujarat
90,Sneha Nair,customer90@example.com,Jaipur,Rajasthan
91,Aisha Patel,customer91@example.com,Pune,Maharashtra
92,Sneha Khan,customer92@example.com,Bengaluru,Karnataka
93,Neha Singh,customer93@example.com,Bengaluru,Karnataka
94,Aditya Sharma,customer94@example.com,Bengaluru,Karnataka
95,Neha Das,customer95@example.com,Jaipur,Rajasthan
96,Rohan Patel,customer96@example.com,Bengaluru,Karnataka
97,Rohan Reddy,customer97@example.com,Chennai,Tamil Nadu
98,Riya Rao,customer98@example.com,Hyderabad,Telangana
99,Diya Nair,customer99@example.com,Hyderabad,Telangana
100,Neha Khan,customer100@example.com,Kochi,Kerala
101,Varun Sharma,customer101@example.com,Kochi,Kerala
102,Riya Nair,customer102@example.com,Kochi,Kerala
103,Neha Singh,customer103@example.com,Delhi,Delhi
104,Rahul Khan,customer104@example.com,Delhi,Delhi
105,Diya Gupta,customer105@example.com,Kolkata,West Bengal
106,Arjun Gupta,customer106@example.com,Ahmedabad,Gujarat
107,Aditya Reddy,customer107@example.com,Bengaluru,Karnataka
108,Vikram Rao,customer108@example.com,Kochi,Kerala
109,Ananya Reddy,customer109@example.com,Jaipur,Rajasthan
110,Kabir Singh,customer110@example.com,Mumbai,Maharashtra
111,Arjun Iyer,customer111@example.com,Hyderabad,Telangana
112,Diya Iyer,customer112@example.com,Mumbai,Maharashtra
113,Meera Das,customer113@example.com,Jaipur,Rajasthan
114,Sneha Rao,customer114@example.com,Jaipur,Rajasthan
115,Aarav Singh,customer115@example.com,Mumbai,Maharashtra
116,Ananya Patel,customer116@example.com,Mumbai,Maharashtra
117,Ananya Reddy,customer117@example.com,Jaipur,Rajasthan
118,Arjun Gupta,customer118@example.com,Mumbai,Maharashtra
119,Varun Khan,customer119@example.com,Delhi,Delhi
120,Kabir Gupta,customer120@example.com,Jaipur,Rajasthan
121,Aisha Gupta,customer121@example.com,Bengaluru,Karnataka
122,Riya Nair,customer122@example.com,Mumbai,Maharashtra
123,Ishaan Sharma,customer123@example.com,Delhi,Delhi
124,Arjun Gupta,customer124@example.com,Chennai,Tamil Nadu
125,Vikram Singh,customer125@example.com,Kolkata,West Bengal
126,Pooja Sharma,customer126@example.com,Hyderabad,Telangana
127,Riya Patel,customer127@example.com,Jaipur,Rajasthan
128,Ishaan Iyer,customer128@example.com,Kochi,Kerala
129,Pooja Patel,customer129@example.com,Kolkata,West Bengal
130,Arjun Sharma,customer130@example.com,Mumbai,Maharashtra
131,Priya Sharma,customer131@example.com,Delhi,Delhi
132,Kabir Khan,customer132@example.com,Hyderabad,Telangana
133,Priya Singh,customer133@example.com,Kolkata,West Bengal
134,Varun Patel,customer134@example.com,Pune,Maharashtra
135,Meera Patel,customer135@example.com,Kolkata,West Bengal
136,Aarav Patel,customer136@example.com,Delhi,Delhi
137,Nisha Khan,customer137@example.com,Mumbai,Maharashtra
138,Meera Reddy,customer138@example.com,Kolkata,West Bengal
139,Ishaan Das,customer139@example.com,Pune,Maharashtra
140,Kabir Das,customer140@example.com,Delhi,Delhi
141,Sneha Khan,customer141@example.com,Pune,Maharashtra
142,Aarav Khan,customer142@example.com,Kolkata,West Bengal
143,Aditya Gupta,customer143@example.com,Hyderabad,Telangana
144,Rahul Iyer,customer144@example.com,Jaipur,Rajasthan
145,Karan Singh,customer145@example.com,Delhi,Delhi
146,Aarav Reddy,customer146@example.com,Mumbai,Maharashtra
147,Meera Rao,customer147@example.com,Mumbai,Maharashtra
148,Ishaan Reddy,customer148@example.com,Kochi,Kerala
149,Nisha Iyer,customer149@example.com,Delhi,Delhi
150,Nisha Rao,customer150@example.com,Jaipur,Rajasthan
151,Ananya Nair,customer151@example.com,Kochi,Kerala
152,Kabir Gupta,customer152@example.com,Bengaluru,Karnataka
153,Nisha Sharma,customer153@example.com,Jaipur,Rajasthan
154,Pooja Khan,customer154@example.com,Delhi,Delhi
155,Nisha Reddy,customer155@example.com,Delhi,Delhi
156,Varun Iyer,customer156@example.com,Hyderabad,Telangana
157,Sneha Singh,customer157@example.com,Mumbai,Maharashtra
158,Nisha Iyer,customer158@example.com,Kolkata,West Bengal
159,Sneha Singh,customer159@example.com,Chennai,Tamil Nadu
160,Kabir Nair,customer160@example.com,Kolkata,West Bengal
161,Meera Rao,customer161@example.com,Kochi,Kerala
162,Sneha Nair,customer162@example.com,Jaipur,Rajasthan
163,Aarav Gupta,customer163@example.com,Mumbai,Maharashtra
164,Kabir Nair,customer164@example.com,Kochi,Kerala
165,Varun Iyer,customer165@example.com,Ahmedabad,Gujarat
166,Vikram Das,customer166@example.com,Pune,Maharashtra
167,Rohan Das,customer167@example.com,Chennai,Tamil Nadu
168,Riya Gupta,customer168@example.com,Jaipur,Rajasthan
169,Varun Iyer,customer169@example.com,Hyderabad,Telangana
170,Diya Gupta,customer170@example.com,Pune,Maharashtra
171,Kabir Patel,customer171@example.com,Bengaluru,Karnataka
172,Ishaan Khan,customer172@example.com,Ahmedabad,Gujarat
173,Varun Reddy,customer173@example.com,Ahmedabad,Gujarat
174,Nisha Rao,customer174@example.com,Pune,Maharashtra
175,Karan Das,customer175@example.com,Kolkata,West Bengal
176,Diya Patel,customer176@example.com,Bengaluru,Karnataka
177,Ananya Nair,customer177@example.com,Pune,Maharashtra
178,Meera Singh,customer178@example.com,Ahmedabad,Gujarat
179,Ishaan Singh,customer179@example.com,Pune,Maharashtra
180,Ananya Das,customer180@example.com,Chennai,Tamil Nadu
181,Vikram Singh,customer181@example.com,Jaipur,Rajasthan
182,Varun Iyer,customer182@example.com,Ahmedabad,Gujarat
183,Varun Singh,customer183@example.com,Kolkata,West Bengal
184,Pooja Das,customer184@example.com,Chennai,Tamil Nadu
185,Aisha Das,customer185@example.com,Mumbai,Maharashtra
186,Diya Gupta,customer186@example.com,Jaipur,Rajasthan
187,Aisha Khan,customer187@example.com,Mumbai,Maharashtra
188,Vikram Reddy,customer188@example.com,Mumbai,Maharashtra
189,Diya Gupta,customer189@example.com,Delhi,Delhi
190,Aditya Singh,customer190@example.com,Hyderabad,Telangana
191,Arjun Patel,customer191@example.com,Pune,Maharashtra
192,Karan Patel,customer192@example.com,Pune,Maharashtra
193,Riya Nair,customer193@example.com,Kolkata,West Bengal
194,Aditya Singh,customer194@example.com,Ahmedabad,Gujarat
195,Nisha Sharma,customer195@example.com,Pune,Maharashtra
196,Nisha Nair,customer196@example.com,Kochi,Kerala
197,Aarav Rao,customer197@example.com,Kolkata,West Bengal
198,Aisha Sharma,customer198@example.com,Delhi,Delhi
199,Sneha Nair,customer199@example.com,Kolkata,West Bengal
200,Pooja Singh,customer200@example.com,Kochi,Kerala
201,Diya Das,customer201@example.com,Pune,Maharashtra
202,Rahul Nair,customer202@example.com,Ahmedabad,Gujarat
203,Aarav Nair,customer203@example.com,Delhi,Delhi
204,Karan Patel,customer204@example.com,Ahmedabad,Gujarat
205,Arjun Rao,customer205@example.com,Jaipur,Rajasthan
206,Aarav Nair,customer206@example.com,Kochi,Kerala
207,Neha Sharma,customer207@example.com,Hyderabad,Telangana
208,Nisha Patel,customer208@example.com,Ahmedabad,Gujarat
209,Meera Sharma,customer209@example.com,Mumbai,Maharashtra
210,Karan Iyer,customer210@example.com,Pune,Maharashtra
211,Vikram Iyer,customer211@example.com,Delhi,Delhi
212,Karan Gupta,customer212@example.com,Kolkata,West Bengal
213,Rahul Reddy,customer213@example.com,Ahmedabad,Gujarat
214,Aarav Singh,customer214@example.com,Bengaluru,Karnataka
215,Priya Khan,customer215@example.com,Hyderabad,Telangana
216,Ishaan Sharma,customer216@example.com,Pune,Maharashtra
217,Kabir Sharma,customer217@example.com,Kochi,Kerala
218,Arjun Khan,customer218@example.com,Chennai,Tamil Nadu
219,Aisha Reddy,customer219@example.com,Kochi,Kerala
220,Kabir Das,customer220@example.com,Mumbai,Maharashtra
221,Priya Patel,customer221@example.com,Kochi,Kerala
222,Varun Reddy,customer222@example.com,Chennai,Tamil Nadu
223,Sneha Reddy,customer223@example.com,Kochi,Kerala
224,Aarav Gupta,customer224@example.com,Kochi,Kerala
225,Karan Nair,customer225@example.com,Pune,Maharashtra
226,Riya Rao,customer226@example.com,Pune,Maharashtra
227,Ananya Gupta,customer227@example.com,Kochi,Kerala
228,Ananya Rao,customer228@example.com,Bengaluru,Karnataka
229,Priya Singh,customer229@example.com,Kolkata,West Bengal
230,Priya Reddy,customer230@example.com,Jaipur,Rajasthan
231,Aditya Sharma,customer231@example.com,Kolkata,West Bengal
232,Aisha Reddy,customer232@example.com,Kolkata,West Bengal
233,Priya Das,customer233@example.com,Chennai,Tamil Nadu
234,Nisha Patel,customer234@example.com,Jaipur,Rajasthan
235,Rahul Rao,customer235@example.com,Jaipur,Rajasthan
236,Aisha Das,customer236@example.com,Kolkata,West Bengal
237,Neha Gupta,customer237@example.com,Delhi,Delhi
238,Diya Reddy,customer238@example.com,Mumbai,Maharashtra
239,Vikram Khan,customer239@example.com,Ahmedabad,Gujarat
240,Neha Rao,customer240@example.com,Kolkata,West Bengal
241,Aditya Sharma,customer241@example.com,Ahmedabad,Gujarat
242,Aditya Patel,customer242@example.com,Ahmedabad,Gujarat
243,Kabir Iyer,customer243@example.com,Mumbai,Maharashtra
244,Aditya Gupta,customer244@example.com,Kochi,Kerala
245,Rahul Singh,customer245@example.com,Bengaluru,Karnataka
246,Rohan Khan,customer246@example.com,Hyderabad,Telangana
247,Diya Nair,customer247@example.com,Ahmedabad,Gujarat
248,Pooja Khan,customer248@example.com,Ahmedabad,Gujarat
249,Aisha Das,customer249@example.com,Bengaluru,Karnataka
250,Riya Gupta,customer250@example.com,Pune,Maharashtra
251,Karan Khan,customer251@example.com,Mumbai,Maharashtra
252,Neha Iyer,customer252@example.com,Ahmedabad,Gujarat
253,Pooja Singh,customer253@example.com,Delhi,Delhi
254,Nisha Singh,customer254@example.com,Delhi,Delhi
255,Priya Das,customer255@example.com,Mumbai,Maharashtra
256,Sneha Gupta,customer256@example.com,Pune,Maharashtra
257,Ananya Khan,customer257@example.com,Delhi,Delhi
258,Ananya Singh,customer258@example.com,Chennai,Tamil Nadu
259,Kabir Khan,customer259@example.com,Ahmedabad,Gujarat
260,Rahul Rao,customer260@example.com,Jaipur,Rajasthan
261,Varun Gupta,customer261@example.com,Hyderabad,Telangana
262,Kabir Gupta,customer262@example.com,Pune,Maharashtra
263,Priya Patel,customer263@example.com,Mumbai,Maharashtra
264,Aarav Singh,customer264@example.com,Chennai,Tamil Nadu
265,Rahul Sharma,customer265@example.com,Bengaluru,Karnataka
266,Pooja Gupta,customer266@example.com,Chennai,Tamil Nadu
267,Aisha Reddy,customer267@example.com,Bengaluru,Karnataka
268,Neha Gupta,customer268@example.com,Ahmedabad,Gujarat
269,Aisha Das,customer269@example.com,Delhi,Delhi
270,Meera Sharma,customer270@example.com,Mumbai,Maharashtra
271,Aisha Reddy,customer271@example.com,Hyderabad,Telangana
272,Karan Das,customer272@example.com,Hyderabad,Telangana
273,Neha Sharma,customer273@example.com,Chennai,Tamil Nadu
274,Arjun Rao,customer274@example.com,Mumbai,Maharashtra
275,Riya Khan,customer275@example.com,Hyderabad,Telangana
276,Pooja Nair,customer276@example.com,Kochi,Kerala
277,Varun Rao,customer277@example.com,Pune,Maharashtra
278,Rohan Nair,customer278@example.com,Ahmedabad,Gujarat
279,Vikram Gupta,customer279@example.com,Kochi,Kerala
280,Nisha Gupta,customer280@example.com,Kochi,Kerala
281,Varun Sharma,customer281@example.com,Kochi,Kerala
282,Ananya Khan,customer282@example.com,Pune,Maharashtra
283,Rahul Reddy,customer283@example.com,Chennai,Tamil Nadu
284,Diya Patel,customer284@example.com,Jaipur,Rajasthan
285,Riya Patel,customer285@example.com,Bengaluru,Karnataka
286,Nisha Das,customer286@example.com,Kochi,Kerala
287,Aisha Gupta,customer287@example.com,Bengaluru,Karnataka
288,Diya Gupta,customer288@example.com,Mumbai,Maharashtra
289,Vikram Reddy,customer289@example.com,Pune,Maharashtra
290,Rahul Rao,customer290@example.com,Pune,Maharashtra
291,Nisha Reddy,customer291@example.com,Jaipur,Rajasthan
292,Diya Patel,customer292@example.com,Mumbai,Maharashtra
293,Arjun Reddy,customer293@example.com,Bengaluru,Karnataka
294,Meera Gupta,customer294@example.com,Kochi,Kerala
295,Neha Gupta,customer295@example.com,Ahmedabad,Gujarat
296,Ananya Das,customer296@example.com,Mumbai,Maharashtra
297,Karan Gupta,customer297@example.com,Jaipur,Rajasthan
298,Pooja Das,customer298@example.com,Ahmedabad,Gujarat
299,Riya Rao,customer299@example.com,Bengaluru,Karnataka
300,Nisha Iyer,customer300@example.com,Kochi,Kerala
301,Rahul Sharma,customer301@example.com,Hyderabad,Telangana
302,Diya Rao,customer302@example.com,Kochi,Kerala
303,Aarav Gupta,customer303@example.com,Kochi,Kerala
304,Ishaan Patel,customer304@example.com,Ahmedabad,Gujarat
305,Rohan Das,customer305@example.com,Mumbai,Maharashtra
306,Meera Rao,customer306@example.com,Kolkata,West Bengal
307,Aisha Reddy,customer307@example.com,Ahmedabad,Gujarat
308,Priya Nair,customer308@example.com,Delhi,Delhi
309,Aditya Reddy,customer309@example.com,Chennai,Tamil Nadu
310,Aditya Nair,customer310@example.com,Ahmedabad,Gujarat
311,Sneha Nair,customer311@example.com,Jaipur,Rajasthan
312,Ishaan Das,customer312@example.com,Hyderabad,Telangana
313,Aditya Gupta,customer313@example.com,Delhi,Delhi
314,Ananya Nair,customer314@example.com,Jaipur,Rajasthan
315,Aarav Singh,customer315@example.com,Ahmedabad,Gujarat
316,Nisha Sharma,customer316@example.com,Pune,Maharashtra
317,Rohan Iyer,customer317@example.com,Kochi,Kerala
318,Aisha Das,customer318@example.com,Bengaluru,Karnataka
319,Kabir Gupta,customer319@example.com,Jaipur,Rajasthan
320,Arjun Gupta,customer320@example.com,Ahmedabad,Gujarat
321,Aisha Reddy,customer321@example.com,Bengaluru,Karnataka
322,Varun Khan,customer322@example.com,Chennai,Tamil Nadu
323,Sneha Singh,customer323@example.com,Bengaluru,Karnataka
324,Pooja Nair,customer324@example.com,Hyderabad,Telangana
325,Diya Reddy,customer325@example.com,Ahmedabad,Gujarat
326,Ananya Patel,customer326@example.com,Ahmedabad,Gujarat
327,Sneha Singh,customer327@example.com,Mumbai,Maharashtra
328,Nisha Das,customer328@example.com,Ahmedabad,Gujarat
329,Diya Das,customer329@example.com,Jaipur,Rajasthan
330,Arjun Nair,customer330@example.com,Pune,Maharashtra
331,Varun Singh,customer331@example.com,Chennai,Tamil Nadu
332,Riya Gupta,customer332@example.com,Kolkata,West Bengal
333,Aditya Singh,customer333@example.com,Mumbai,Maharashtra
334,Aarav Gupta,customer334@example.com,Mumbai,Maharashtra
335,Neha Rao,customer335@example.com,Ahmedabad,Gujarat
336,Arjun Das,customer336@example.com,Jaipur,Rajasthan
337,Aisha Iyer,customer337@example.com,Delhi,Delhi
338,Pooja Singh,customer338@example.com,Kolkata,West Bengal
339,Vikram Iyer,customer339@example.com,Pune,Maharashtra
340,Diya Rao,customer340@example.com,Kolkata,West Bengal
341,Diya Nair,customer341@example.com,Bengaluru,Karnataka
342,Aditya Das,customer342@example.com,Kolkata,West Bengal
343,Karan Patel,customer343@example.com,Ahmedabad,Gujarat
344,Ishaan Patel,customer344@example.com,Jaipur,Rajasthan
345,Neha Iyer,customer345@example.com,Hyderabad,Telangana
346,Vikram Reddy,customer346@example.com,Jaipur,Rajasthan
347,Vikram Sharma,customer347@example.com,Chennai,Tamil Nadu
348,Nisha Patel,customer348@example.com,Hyderabad,Telangana
349,Aisha Gupta,customer349@example.com,Delhi,Delhi
350,Varun Nair,customer350@example.com,Hyderabad,Telangana
351,Aditya Singh,customer351@example.com,Kolkata,West Bengal
352,Aditya Das,customer352@example.com,Jaipur,Rajasthan
353,Ishaan Rao,customer353@example.com,Hyderabad,Telangana
354,Diya Gupta,customer354@example.com,Pune,Maharashtra
355,Riya Nair,customer355@example.com,Hyderabad,Telangana
356,Ananya Das,customer356@example.com,Chennai,Tamil Nadu
357,Sneha Sharma,customer357@example.com,Bengaluru,Karnataka
358,Aditya Sharma,customer358@example.com,Mumbai,Maharashtra
359,Priya Iyer,customer359@example.com,Kolkata,West Bengal
360,Arjun Khan,customer360@example.com,Jaipur,Rajasthan
361,Nisha Rao,customer361@example.com,Chennai,Tamil Nadu
362,Meera Patel,customer362@example.com,Hyderabad,Telangana
363,Varun Nair,customer363@example.com,Kochi,Kerala
364,Diya Das,customer364@example.com,Kochi,Kerala
365,Arjun Khan,customer365@example.com,Ahmedabad,Gujarat
366,Rahul Das,customer366@example.com,Mumbai,Maharashtra
367,Aarav Das,customer367@example.com,Mumbai,Maharashtra
368,Pooja Patel,customer368@example.com,Hyderabad,Telangana
369,Vikram Iyer,customer369@example.com,Kochi,Kerala
370,Sneha Nair,customer370@example.com,Mumbai,Maharashtra
371,Vikram Gupta,customer371@example.com,Pune,Maharashtra
372,Karan Das,customer372@example.com,Hyderabad,Telangana
373,Diya Nair,customer373@example.com,Kochi,Kerala
374,Priya Rao,customer374@example.com,Mumbai,Maharashtra
375,Sneha Sharma,customer375@example.com,Kolkata,West Bengal
376,Rahul Sharma,customer376@example.com,Kochi,Kerala
377,Ishaan Rao,customer377@example.com,Ahmedabad,Gujarat
378,Sneha Khan,customer378@example.com,Kochi,Kerala
379,Priya Khan,customer379@example.com,Pune,Maharashtra
380,Varun Gupta,customer380@example.com,Chennai,Tamil Nadu
381,Ananya Sharma,customer381@example.com,Mumbai,Maharashtra
382,Vikram Sharma,customer382@example.com,Kochi,Kerala
383,Priya Patel,customer383@example.com,Hyderabad,Telangana
384,Sneha Iyer,customer384@example.com,Kolkata,West Bengal
385,Meera Khan,customer385@example.com,Chennai,Tamil Nadu
386,Pooja Iyer,customer386@example.com,Jaipur,Rajasthan
387,Rohan Gupta,customer387@example.com,Chennai,Tamil Nadu
388,Rahul Das,customer388@example.com,Mumbai,Maharashtra
389,Aditya Reddy,customer389@example.com,Ahmedabad,Gujarat
390,Riya Patel,customer390@example.com,Pune,Maharashtra
391,Karan Singh,customer391@example.com,Delhi,Delhi
392,Riya Nair,customer392@example.com,Bengaluru,Karnataka
393,Rahul Singh,customer393@example.com,Hyderabad,Telangana
394,Vikram Iyer,customer394@example.com,Mumbai,Maharashtra
395,Neha Nair,customer395@example.com,Delhi,Delhi
396,Ananya Khan,customer396@example.com,Ahmedabad,Gujarat
397,Aarav Rao,customer397@example.com,Jaipur,Rajasthan
398,Aditya Rao,customer398@example.com,Pune,Maharashtra
399,Riya Das,customer399@example.com,Mumbai,Maharashtra
400,Nisha Reddy,customer400@example.com,Chennai,Tamil Nadu
401,Ishaan Sharma,customer401@example.com,Mumbai,Maharashtra
402,Aisha Reddy,customer402@example.com,Hyderabad,Telangana
403,Diya Singh,customer403@example.com,Chennai,Tamil Nadu
404,Karan Das,customer404@example.com,Delhi,Delhi
405,Pooja Nair,customer405@example.com,Kochi,Kerala
406,Arjun Nair,customer406@example.com,Hyderabad,Telangana
407,Aisha Rao,customer407@example.com,Kolkata,West Bengal
408,Rahul Sharma,customer408@example.com,Delhi,Delhi
409,Kabir Das,customer409@example.com,Ahmedabad,Gujarat
410,Diya Iyer,customer410@example.com,Hyderabad,Telangana
411,Priya Singh,customer411@example.com,Delhi,Delhi
412,Ishaan Nair,customer412@example.com,Mumbai,Maharashtra
413,Kabir Reddy,customer413@example.com,Ahmedabad,Gujarat
414,Riya Khan,customer414@example.com,Kochi,Kerala
415,Aarav Sharma,customer415@example.com,Delhi,Delhi
416,Diya Patel,customer416@example.com,Kochi,Kerala
417,Kabir Reddy,customer417@example.com,Jaipur,Rajasthan
418,Kabir Rao,customer418@example.com,Pune,Maharashtra
419,Diya Iyer,customer419@example.com,Chennai,Tamil Nadu
420,Varun Sharma,customer420@example.com,Mumbai,Maharashtra
421,Arjun Patel,customer421@example.com,Jaipur,Rajasthan
422,Rahul Patel,customer422@example.com,Hyderabad,Telangana
423,Aarav Patel,customer423@example.com,Bengaluru,Karnataka
424,Priya Khan,customer424@example.com,Kochi,Kerala
425,Aditya Sharma,customer425@example.com,Chennai,Tamil Nadu
426,Rahul Sharma,customer426@example.com,Chennai,Tamil Nadu
427,Nisha Singh,customer427@example.com,Hyderabad,Telangana
428,Riya Das,customer428@example.com,Ahmedabad,Gujarat
429,Priya Singh,customer429@example.com,Kochi,Kerala
430,Ananya Das,customer430@example.com,Jaipur,Rajasthan
431,Diya Rao,customer431@example.com,Bengaluru,Karnataka
432,Rohan Gupta,customer432@example.com,Ahmedabad,Gujarat
433,Aarav Sharma,customer433@example.com,Ahmedabad,Gujarat
434,Karan Nair,customer434@example.com,Hyderabad,Telangana
435,Aisha Das,customer435@example.com,Hyderabad,Telangana
436,Riya Iyer,customer436@example.com,Kochi,Kerala
437,Arjun Reddy,customer437@example.com,Chennai,Tamil Nadu
438,Rahul Rao,customer438@example.com,Kochi,Kerala
439,Pooja Iyer,customer439@example.com,Kolkata,West Bengal
440,Varun Singh,customer440@example.com,Mumbai,Maharashtra
441,Vikram Singh,customer441@example.com,Kochi,Kerala
442,Nisha Reddy,customer442@example.com,Hyderabad,Telangana
443,Pooja Khan,customer443@example.com,Kolkata,West Bengal
444,Vikram Khan,customer444@example.com,Kolkata,West Bengal
445,Aditya Das,customer445@example.com,Kolkata,West Bengal
446,Nisha Reddy,customer446@example.com,Delhi,Delhi
447,Nisha Iyer,customer447@example.com,Mumbai,Maharashtra
448,Priya Patel,customer448@example.com,Ahmedabad,Gujarat
449,Riya Reddy,customer449@example.com,Hyderabad,Telangana
450,Riya Nair,customer450@example.com,Hyderabad,Telangana
451,Priya Patel,customer451@example.com,Jaipur,Rajasthan
452,Ishaan Rao,customer452@example.com,Jaipur,Rajasthan
453,Pooja Iyer,customer453@example.com,Hyderabad,Telangana
454,Nisha Iyer,customer454@example.com,Kolkata,West Bengal
455,Ishaan Gupta,customer455@example.com,Kochi,Kerala
456,Sneha Iyer,customer456@example.com,Hyderabad,Telangana
457,Neha Singh,customer457@example.com,Pune,Maharashtra
458,Arjun Das,customer458@example.com,Pune,Maharashtra
459,Ananya Iyer,customer459@example.com,Jaipur,Rajasthan
460,Priya Reddy,customer460@example.com,Mumbai,Maharashtra
461,Neha Khan,customer461@example.com,Kolkata,West Bengal
462,Pooja Rao,customer462@example.com,Kochi,Kerala
463,Pooja Sharma,customer463@example.com,Kochi,Kerala
464,Rahul Sharma,customer464@example.com,Chennai,Tamil Nadu
465,Rahul Gupta,customer465@example.com,Delhi,Delhi
466,Priya Sharma,customer466@example.com,Chennai,Tamil Nadu
467,Arjun Rao,customer467@example.com,Kolkata,West Bengal
468,Riya Patel,customer468@example.com,Bengaluru,Karnataka
469,Riya Singh,customer469@example.com,Pune,Maharashtra
470,Karan Nair,customer470@example.com,Ahmedabad,Gujarat
471,Aditya Patel,customer471@example.com,Delhi,Delhi
472,Sneha Iyer,customer472@example.com,Kochi,Kerala
473,Varun Reddy,customer473@example.com,Bengaluru,Karnataka
474,Arjun Patel,customer474@example.com,Kochi,Kerala
475,Ishaan Reddy,customer475@example.com,Mumbai,Maharashtra
476,Vikram Nair,customer476@example.com,Ahmedabad,Gujarat
477,Varun Das,customer477@example.com,Kolkata,West Bengal
478,Rahul Khan,customer478@example.com,Jaipur,Rajasthan
479,Ananya Iyer,customer479@example.com,Kolkata,West Bengal
480,Ananya Gupta,customer480@example.com,Kochi,Kerala
481,Aisha Singh,customer481@example.com,Mumbai,Maharashtra
482,Ishaan Khan,customer482@example.com,Kolkata,West Bengal
483,Varun Sharma,customer483@example.com,Bengaluru,Karnataka
484,Kabir Gupta,customer484@example.com,Pune,Maharashtra
485,Arjun Gupta,customer485@example.com,Mumbai,Maharashtra
486,Aditya Reddy,customer486@example.com,Bengaluru,Karnataka
487,Aisha Nair,customer487@example.com,Chennai,Tamil Nadu
488,Arjun Nair,customer488@example.com,Jaipur,Rajasthan
489,Diya Singh,customer489@example.com,Jaipur,Rajasthan
490,Priya Reddy,customer490@example.com,Kolkata,West Bengal
491,Ishaan Nair,customer491@example.com,Bengaluru,Karnataka
492,Vikram Reddy,customer492@example.com,Delhi,Delhi
493,Neha Nair,customer493@example.com,Kochi,Kerala
494,Karan Nair,customer494@example.com,Mumbai,Maharashtra
495,Ananya Nair,customer495@example.com,Bengaluru,Karnataka
496,Aditya Patel,customer496@example.com,Kochi,Kerala
497,Vikram Iyer,customer497@example.com,Hyderabad,Telangana
498,Nisha Reddy,customer498@example.com,Pune,Maharashtra
499,Nisha Rao,customer499@example.com,Kolkata,West Bengal
500,Rohan Reddy,customer500@example.com,Kolkata,West Bengal
